job_nature,group_function,division,department,title,communication,digital_literacy,data_analysis,problem_solving,critical_thinking,continuous_learning,teamwork_leadership,strategic_thinking,talent_management,creative_thinking,resilience,ai_bigdata,analytical_thinking
Front Office,Business & Client Group,Advisory Division,Consultant (Function),Director,5,4,4,5,4,5,5,4,5,0,0,0,0
Front Office,Business & Client Group,Advisory Division,Consultant (Function),Deputy Director,5,4,4,5,4,4,5,4,4,0,0,0,0
Front Office,Business & Client Group,Advisory Division,Consultant (Function),Manager,4,3,3,4,3,4,4,4,4,0,0,0,0
Front Office,Business & Client Group,Advisory Division,Consultant (Function),Deputy Manager,4,3,3,4,3,3,4,3,4,0,0,0,0
Front Office,Business & Client Group,Advisory Division,Consultant (Function),Supervisor,3,2,2,3,2,2,3,2,3,0,0,0,0
Front Office,Business & Client Group,Advisory Division,Consultant (Function),Senior,3,2,2,3,2,2,0,0,0,0,0,0,0
Front Office,Business & Client Group,Advisory Division,Consultant (Function),Officer,3,1,1,3,1,2,0,0,0,0,0,0,0
Front Office,Business & Client Group,Brokerage Division,Account Management Department,Director,5,4,4,5,4,5,5,4,5,0,0,0,0
Front Office,Business & Client Group,Brokerage Division,Account Management Department,Deputy Director,5,4,4,5,4,4,5,4,4,0,0,0,0
Front Office,Business & Client Group,Brokerage Division,Account Management Department,Manager,4,3,3,4,3,4,4,4,4,0,0,0,0
Front Office,Business & Client Group,Brokerage Division,Account Management Department,Deputy Manager,4,3,3,4,3,3,4,3,4,0,0,0,0
Front Office,Business & Client Group,Brokerage Division,Account Management Department,Supervisor,3,2,2,3,2,2,3,2,3,0,0,0,0
Front Office,Business & Client Group,Brokerage Division,Account Management Department,Senior,3,2,2,3,2,2,0,0,0,0,0,0,0
Front Office,Business & Client Group,Brokerage Division,Account Management Department,Officer,3,1,1,3,1,2,0,0,0,0,0,0,0
Front Office,Business & Client Group,Brokerage Division,Brokerage Management Department,Director,5,4,4,5,4,5,5,4,5,0,0,0,0
Front Office,Business & Client Group,Brokerage Division,Brokerage Management Department,Deputy Director,5,4,4,5,4,4,5,4,4,0,0,0,0
Front Office,Business & Client Group,Brokerage Division,Brokerage Management Department,Manager,4,3,3,4,3,4,4,4,4,0,0,0,0
Front Office,Business & Client Group,Brokerage Division,Brokerage Management Department,Deputy Manager,4,3,3,4,3,3,4,3,4,0,0,0,0
Front Office,Business & Client Group,Brokerage Division,Brokerage Management Department,Supervisor,3,2,2,3,2,2,3,2,3,0,0,0,0
Front Office,Business & Client Group,Brokerage Division,Brokerage Management Department,Senior,3,2,2,3,2,2,0,0,0,0,0,0,0
Front Office,Business & Client Group,Brokerage Division,Brokerage Management Department,Officer,3,1,1,3,1,2,0,0,0,0,0,0,0
Front Office,Business & Client Group,Brokerage Division,Institutional Business Department,Director,5,4,4,5,4,5,5,4,5,0,0,0,0
Front Office,Business & Client Group,Brokerage Division,Institutional Business Department,Deputy Director,5,4,4,5,4,4,5,4,4,0,0,0,0
Front Office,Business & Client Group,Brokerage Division,Institutional Business Department,Manager,4,3,3,4,3,4,4,4,4,0,0,0,0
Front Office,Business & Client Group,Brokerage Division,Institutional Business Department,Deputy Manager,4,3,3,4,3,3,4,3,4,0,0,0,0
Front Office,Business & Client Group,Brokerage Division,Institutional Business Department,Supervisor,3,2,2,3,2,2,3,2,3,0,0,0,0
Front Office,Business & Client Group,Brokerage Division,Institutional Business Department,Senior,3,2,2,3,2,2,0,0,0,0,0,0,0
Front Office,Business & Client Group,Brokerage Division,Institutional Business Department,Officer,3,1,1,3,1,2,0,0,0,0,0,0,0
Front Office,Business & Client Group,Securities Service Division,Customer Care Department,Director,5,4,4,5,4,5,5,4,5,0,0,0,0
Front Office,Business & Client Group,Securities Service Division,Customer Care Department,Deputy Director,5,4,4,5,4,4,5,4,4,0,0,0,0
Front Office,Business & Client Group,Securities Service Division,Customer Care Department,Manager,4,3,3,4,3,4,4,4,4,0,0,0,0
Front Office,Business & Client Group,Securities Service Division,Customer Care Department,Deputy Manager,4,3,3,4,3,3,4,3,4,0,0,0,0
Front Office,Business & Client Group,Securities Service Division,Customer Care Department,Supervisor,3,2,2,3,2,2,3,2,3,0,0,0,0
Front Office,Business & Client Group,Securities Service Division,Customer Care Department,Senior,3,2,2,3,2,2,0,0,0,0,0,0,0
Front Office,Business & Client Group,Securities Service Division,Customer Care Department,Officer,3,1,1,3,1,2,0,0,0,0,0,0,0
Front Office,Business & Client Group,Marketing Division,No Department,Director,5,4,4,5,4,5,5,4,5,0,0,0,0
Front Office,Business & Client Group,Marketing Division,No Department,Deputy Director,5,4,4,5,4,4,5,4,4,0,0,0,0
Front Office,Business & Client Group,Marketing Division,No Department,Manager,4,3,3,4,3,4,4,4,4,0,0,0,0
Front Office,Business & Client Group,Marketing Division,No Department,Deputy Manager,4,3,3,4,3,3,4,3,4,0,0,0,0
Front Office,Business & Client Group,Marketing Division,No Department,Supervisor,3,2,2,3,2,2,3,2,3,0,0,0,0
Front Office,Business & Client Group,Marketing Division,No Department,Senior,3,2,2,3,2,2,0,0,0,0,0,0,0
Front Office,Business & Client Group,Marketing Division,No Department,Officer,3,1,1,3,1,2,0,0,0,0,0,0,0
Front Office,Business & Client Group,Dealing Division,No Department,Director,5,4,4,5,4,5,5,4,5,0,0,0,0
Front Office,Business & Client Group,Dealing Division,No Department,Deputy Director,5,4,4,5,4,4,5,4,4,0,0,0,0
Front Office,Business & Client Group,Dealing Division,No Department,Manager,4,3,3,4,3,4,4,4,4,0,0,0,0
Front Office,Business & Client Group,Dealing Division,No Department,Deputy Manager,4,3,3,4,3,3,4,3,4,0,0,0,0
Front Office,Business & Client Group,Dealing Division,No Department,Supervisor,3,2,2,3,2,2,3,2,3,0,0,0,0
Front Office,Business & Client Group,Dealing Division,No Department,Senior,3,2,2,3,2,2,0,0,0,0,0,0,0
Front Office,Business & Client Group,Dealing Division,No Department,Officer,3,1,1,3,1,2,0,0,0,0,0,0,0
Front Office,Business & Client Group,Securities Service Division,Business Support Department,Director,5,4,4,5,4,5,5,4,5,0,0,0,0
Front Office,Business & Client Group,Securities Service Division,Business Support Department,Deputy Director,5,4,4,5,4,4,5,4,4,0,0,0,0
Front Office,Business & Client Group,Securities Service Division,Business Support Department,Manager,4,3,3,4,3,4,4,4,4,0,0,0,0
Front Office,Business & Client Group,Securities Service Division,Business Support Department,Deputy Manager,4,3,3,4,3,3,4,3,4,0,0,0,0
Front Office,Business & Client Group,Securities Service Division,Business Support Department,Supervisor,3,2,2,3,2,2,3,2,3,0,0,0,0
Front Office,Business & Client Group,Securities Service Division,Business Support Department,Senior,3,2,2,3,2,2,0,0,0,0,0,0,0
Front Office,Business & Client Group,Securities Service Division,Business Support Department,Officer,3,1,1,3,1,2,0,0,0,0,0,0,0
Front Office,Business & Client Group,People & Workplace Division,Workplace (Receptionist),Director,5,4,4,5,4,5,5,4,5,0,0,0,0
Front Office,Business & Client Group,People & Workplace Division,Workplace (Receptionist),Deputy Director,5,4,4,5,4,4,5,4,4,0,0,0,0
Front Office,Business & Client Group,People & Workplace Division,Workplace (Receptionist),Manager,4,3,3,4,3,4,4,4,4,0,0,0,0
Front Office,Business & Client Group,People & Workplace Division,Workplace (Receptionist),Deputy Manager,4,3,3,4,3,3,4,3,4,0,0,0,0
Front Office,Business & Client Group,People & Workplace Division,Workplace (Receptionist),Supervisor,3,2,2,3,2,2,3,2,3,0,0,0,0
Front Office,Business & Client Group,People & Workplace Division,Workplace (Receptionist),Senior,3,2,2,3,2,2,0,0,0,0,0,0,0
Front Office,Business & Client Group,People & Workplace Division,Workplace (Receptionist),Officer,3,1,1,3,1,2,0,0,0,0,0,0,0
Front Office,Business & Client Group,Covered Warrant Division,No Department,Director,5,4,4,5,4,5,5,4,5,0,0,0,0
Front Office,Business & Client Group,Covered Warrant Division,No Department,Deputy Director,5,4,4,5,4,4,5,4,4,0,0,0,0
Front Office,Business & Client Group,Covered Warrant Division,No Department,Manager,4,3,3,4,3,4,4,4,4,0,0,0,0
Front Office,Business & Client Group,Covered Warrant Division,No Department,Deputy Manager,4,3,3,4,3,3,4,3,4,0,0,0,0
Front Office,Business & Client Group,Covered Warrant Division,No Department,Supervisor,3,2,2,3,2,2,3,2,3,0,0,0,0
Front Office,Business & Client Group,Covered Warrant Division,No Department,Senior,3,2,2,3,2,2,0,0,0,0,0,0,0
Front Office,Business & Client Group,Covered Warrant Division,No Department,Officer,3,1,1,3,1,2,0,0,0,0,0,0,0
Middle Office,Analytics & Control Group,Product Department,Business Analysis (Function),Director,4,4,5,4,5,5,5,4,5,0,0,0,0
Middle Office,Analytics & Control Group,Product Department,Business Analysis (Function),Deputy Director,4,4,5,4,5,4,5,4,4,0,0,0,0
Middle Office,Analytics & Control Group,Product Department,Business Analysis (Function),Manager,3,3,4,3,4,4,4,4,4,0,0,0,0
Middle Office,Analytics & Control Group,Product Department,Business Analysis (Function),Deputy Manager,3,3,4,3,4,3,4,3,4,0,0,0,0
Middle Office,Analytics & Control Group,Product Department,Business Analysis (Function),Supervisor,2,2,3,2,3,2,3,2,3,0,0,0,0
Middle Office,Analytics & Control Group,Product Department,Business Analysis (Function),Senior,2,2,3,2,3,2,0,0,0,0,0,0,0
Middle Office,Analytics & Control Group,Product Department,Business Analysis (Function),Officer,2,1,2,2,2,2,0,0,0,0,0,0,0
Middle Office,Analytics & Control Group,Research Division,No Department,Director,4,4,5,4,5,5,5,4,5,0,0,0,0
Middle Office,Analytics & Control Group,Research Division,No Department,Deputy Director,4,4,5,4,5,4,5,4,4,0,0,0,0
Middle Office,Analytics & Control Group,Research Division,No Department,Manager,3,3,4,3,4,4,4,4,4,0,0,0,0
Middle Office,Analytics & Control Group,Research Division,No Department,Deputy Manager,3,3,4,3,4,3,4,3,4,0,0,0,0
Middle Office,Analytics & Control Group,Research Division,No Department,Supervisor,2,2,3,2,3,2,3,2,3,0,0,0,0
Middle Office,Analytics & Control Group,Research Division,No Department,Senior,2,2,3,2,3,2,0,0,0,0,0,0,0
Middle Office,Analytics & Control Group,Research Division,No Department,Officer,2,1,2,2,2,2,0,0,0,0,0,0,0
Middle Office,Analytics & Control Group,Risk Management Division,No Department,Director,4,4,5,4,5,5,5,4,5,0,0,0,0
Middle Office,Analytics & Control Group,Risk Management Division,No Department,Deputy Director,4,4,5,4,5,4,5,4,4,0,0,0,0
Middle Office,Analytics & Control Group,Risk Management Division,No Department,Manager,3,3,4,3,4,4,4,4,4,0,0,0,0
Middle Office,Analytics & Control Group,Risk Management Division,No Department,Deputy Manager,3,3,4,3,4,3,4,3,4,0,0,0,0
Middle Office,Analytics & Control Group,Risk Management Division,No Department,Supervisor,2,2,3,2,3,2,3,2,3,0,0,0,0
Middle Office,Analytics & Control Group,Risk Management Division,No Department,Senior,2,2,3,2,3,2,0,0,0,0,0,0,0
Middle Office,Analytics & Control Group,Risk Management Division,No Department,Officer,2,1,2,2,2,2,0,0,0,0,0,0,0
Middle Office,Analytics & Control Group,Securities Service Division,Margin & Settlement (Financial Product),Director,4,4,5,4,5,5,5,4,5,0,0,0,0
Middle Office,Analytics & Control Group,Securities Service Division,Margin & Settlement (Financial Product),Deputy Director,4,4,5,4,5,4,5,4,4,0,0,0,0
Middle Office,Analytics & Control Group,Securities Service Division,Margin & Settlement (Financial Product),Manager,3,3,4,3,4,4,4,4,4,0,0,0,0
Middle Office,Analytics & Control Group,Securities Service Division,Margin & Settlement (Financial Product),Deputy Manager,3,3,4,3,4,3,4,3,4,0,0,0,0
Middle Office,Analytics & Control Group,Securities Service Division,Margin & Settlement (Financial Product),Supervisor,2,2,3,2,3,2,3,2,3,0,0,0,0
Middle Office,Analytics & Control Group,Securities Service Division,Margin & Settlement (Financial Product),Senior,2,2,3,2,3,2,0,0,0,0,0,0,0
Middle Office,Analytics & Control Group,Securities Service Division,Margin & Settlement (Financial Product),Officer,2,1,2,2,2,2,0,0,0,0,0,0,0
Middle Office,Analytics & Control Group,IT Division,Software Department,Director,4,4,5,4,5,5,5,4,5,0,0,0,0
Middle Office,Analytics & Control Group,IT Division,Software Department,Deputy Director,4,4,5,4,5,4,5,4,4,0,0,0,0
Middle Office,Analytics & Control Group,IT Division,Software Department,Manager,3,3,4,3,4,4,4,4,4,0,0,0,0
Middle Office,Analytics & Control Group,IT Division,Software Department,Deputy Manager,3,3,4,3,4,3,4,3,4,0,0,0,0
Middle Office,Analytics & Control Group,IT Division,Software Department,Supervisor,2,2,3,2,3,2,3,2,3,0,0,0,0
Middle Office,Analytics & Control Group,IT Division,Software Department,Senior,2,2,3,2,3,2,0,0,0,0,0,0,0
Middle Office,Analytics & Control Group,IT Division,Software Department,Officer,2,1,2,2,2,2,0,0,0,0,0,0,0
Back Office,Operations & Transaction Support,Advisory Division,Operation (Function),Director,4,4,5,5,4,5,5,4,5,0,0,0,0
Back Office,Operations & Transaction Support,Advisory Division,Operation (Function),Deputy Director,4,4,5,5,4,4,5,4,4,0,0,0,0
Back Office,Operations & Transaction Support,Advisory Division,Operation (Function),Manager,3,3,4,4,3,4,4,4,4,0,0,0,0
Back Office,Operations & Transaction Support,Advisory Division,Operation (Function),Deputy Manager,3,3,4,4,3,3,4,3,4,0,0,0,0
Back Office,Operations & Transaction Support,Advisory Division,Operation (Function),Supervisor,2,2,3,3,2,2,3,2,3,0,0,0,0
Back Office,Operations & Transaction Support,Advisory Division,Operation (Function),Senior,2,2,3,3,2,2,0,0,0,0,0,0,0
Back Office,Operations & Transaction Support,Advisory Division,Operation (Function),Officer,2,1,2,3,1,2,0,0,0,0,0,0,0
Back Office,Operations & Transaction Support,Securities Service Division,Margin & Settlement (Operation),Director,4,4,5,5,4,5,5,4,5,0,0,0,0
Back Office,Operations & Transaction Support,Securities Service Division,Margin & Settlement (Operation),Deputy Director,4,4,5,5,4,4,5,4,4,0,0,0,0
Back Office,Operations & Transaction Support,Securities Service Division,Margin & Settlement (Operation),Manager,3,3,4,4,3,4,4,4,4,0,0,0,0
Back Office,Operations & Transaction Support,Securities Service Division,Margin & Settlement (Operation),Deputy Manager,3,3,4,4,3,3,4,3,4,0,0,0,0
Back Office,Operations & Transaction Support,Securities Service Division,Margin & Settlement (Operation),Supervisor,2,2,3,3,2,2,3,2,3,0,0,0,0
Back Office,Operations & Transaction Support,Securities Service Division,Margin & Settlement (Operation),Senior,2,2,3,3,2,2,0,0,0,0,0,0,0
Back Office,Operations & Transaction Support,Securities Service Division,Margin & Settlement (Operation),Officer,2,1,2,3,1,2,0,0,0,0,0,0,0
Back Office,Operations & Transaction Support,Securities Service Division,Depository Trading Department,Director,4,4,5,5,4,5,5,4,5,0,0,0,0
Back Office,Operations & Transaction Support,Securities Service Division,Depository Trading Department,Deputy Director,4,4,5,5,4,4,5,4,4,0,0,0,0
Back Office,Operations & Transaction Support,Securities Service Division,Depository Trading Department,Manager,3,3,4,4,3,4,4,4,4,0,0,0,0
Back Office,Operations & Transaction Support,Securities Service Division,Depository Trading Department,Deputy Manager,3,3,4,4,3,3,4,3,4,0,0,0,0
Back Office,Operations & Transaction Support,Securities Service Division,Depository Trading Department,Supervisor,2,2,3,3,2,2,3,2,3,0,0,0,0
Back Office,Operations & Transaction Support,Securities Service Division,Depository Trading Department,Senior,2,2,3,3,2,2,0,0,0,0,0,0,0
Back Office,Operations & Transaction Support,Securities Service Division,Depository Trading Department,Officer,2,1,2,3,1,2,0,0,0,0,0,0,0
Back Office,Technology & Digital Systems,IT Division,Network Management Department,Director,4,5,5,4,4,5,5,4,5,0,0,0,0
Back Office,Technology & Digital Systems,IT Division,Network Management Department,Deputy Director,4,5,5,4,4,4,5,4,4,0,0,0,0
Back Office,Technology & Digital Systems,IT Division,Network Management Department,Manager,3,4,4,3,3,4,4,4,4,0,0,0,0
Back Office,Technology & Digital Systems,IT Division,Network Management Department,Deputy Manager,3,4,4,3,3,3,4,3,4,0,0,0,0
Back Office,Technology & Digital Systems,IT Division,Network Management Department,Supervisor,2,3,3,2,2,2,3,2,3,0,0,0,0
Back Office,Technology & Digital Systems,IT Division,Network Management Department,Senior,2,3,3,2,2,2,0,0,0,0,0,0,0
Back Office,Technology & Digital Systems,IT Division,Network Management Department,Officer,2,2,2,2,1,2,0,0,0,0,0,0,0
Back Office,Technology & Digital Systems,IT Division,System Department,Director,4,5,5,4,4,5,5,4,5,0,0,0,0
Back Office,Technology & Digital Systems,IT Division,System Department,Deputy Director,4,5,5,4,4,4,5,4,4,0,0,0,0
Back Office,Technology & Digital Systems,IT Division,System Department,Manager,3,4,4,3,3,4,4,4,4,0,0,0,0
Back Office,Technology & Digital Systems,IT Division,System Department,Deputy Manager,3,4,4,3,3,3,4,3,4,0,0,0,0
Back Office,Technology & Digital Systems,IT Division,System Department,Supervisor,2,3,3,2,2,2,3,2,3,0,0,0,0
Back Office,Technology & Digital Systems,IT Division,System Department,Senior,2,3,3,2,2,2,0,0,0,0,0,0,0
Back Office,Technology & Digital Systems,IT Division,System Department,Officer,2,2,2,2,1,2,0,0,0,0,0,0,0
Back Office,Technology & Digital Systems,Product Department,Data Engineer (Function),Director,4,5,5,4,4,5,5,4,5,0,0,0,0
Back Office,Technology & Digital Systems,Product Department,Data Engineer (Function),Deputy Director,4,5,5,4,4,4,5,4,4,0,0,0,0
Back Office,Technology & Digital Systems,Product Department,Data Engineer (Function),Manager,3,4,4,3,3,4,4,4,4,0,0,0,0
Back Office,Technology & Digital Systems,Product Department,Data Engineer (Function),Deputy Manager,3,4,4,3,3,3,4,3,4,0,0,0,0
Back Office,Technology & Digital Systems,Product Department,Data Engineer (Function),Supervisor,2,3,3,2,2,2,3,2,3,0,0,0,0
Back Office,Technology & Digital Systems,Product Department,Data Engineer (Function),Senior,2,3,3,2,2,2,0,0,0,0,0,0,0
Back Office,Technology & Digital Systems,Product Department,Data Engineer (Function),Officer,2,2,2,2,1,2,0,0,0,0,0,0,0
Back Office,Internal Operations & Governance,People & Workplace Division,Learning & Development Department,Director,5,4,4,4,5,5,5,4,5,0,0,0,0
Back Office,Internal Operations & Governance,People & Workplace Division,Learning & Development Department,Deputy Director,5,4,4,4,5,4,5,4,4,0,0,0,0
Back Office,Internal Operations & Governance,People & Workplace Division,Learning & Development Department,Manager,4,3,3,3,4,4,4,4,4,0,0,0,0
Back Office,Internal Operations & Governance,People & Workplace Division,Learning & Development Department,Deputy Manager,4,3,3,3,4,3,4,3,4,0,0,0,0
Back Office,Internal Operations & Governance,People & Workplace Division,Learning & Development Department,Supervisor,3,2,2,2,3,2,3,2,3,0,0,0,0
Back Office,Internal Operations & Governance,People & Workplace Division,Learning & Development Department,Senior,3,2,2,2,3,2,0,0,0,0,0,0,0
Back Office,Internal Operations & Governance,People & Workplace Division,Learning & Development Department,Officer,3,1,1,2,2,2,0,0,0,0,0,0,0
Back Office,Internal Operations & Governance,People & Workplace Division,Employee Engagement & Employer Branding Department,Director,5,4,4,4,5,5,5,4,5,0,0,0,0
Back Office,Internal Operations & Governance,People & Workplace Division,Employee Engagement & Employer Branding Department,Deputy Director,5,4,4,4,5,4,5,4,4,0,0,0,0
Back Office,Internal Operations & Governance,People & Workplace Division,Employee Engagement & Employer Branding Department,Manager,4,3,3,3,4,4,4,4,4,0,0,0,0
Back Office,Internal Operations & Governance,People & Workplace Division,Employee Engagement & Employer Branding Department,Deputy Manager,4,3,3,3,4,3,4,3,4,0,0,0,0
Back Office,Internal Operations & Governance,People & Workplace Division,Employee Engagement & Employer Branding Department,Supervisor,3,2,2,2,3,2,3,2,3,0,0,0,0
Back Office,Internal Operations & Governance,People & Workplace Division,Employee Engagement & Employer Branding Department,Senior,3,2,2,2,3,2,0,0,0,0,0,0,0
Back Office,Internal Operations & Governance,People & Workplace Division,Employee Engagement & Employer Branding Department,Officer,3,1,1,2,2,2,0,0,0,0,0,0,0
Back Office,Internal Operations & Governance,People & Workplace Division,Talent Acquisition Department,Director,5,4,4,4,5,5,5,4,5,0,0,0,0
Back Office,Internal Operations & Governance,People & Workplace Division,Talent Acquisition Department,Deputy Director,5,4,4,4,5,4,5,4,4,0,0,0,0
Back Office,Internal Operations & Governance,People & Workplace Division,Talent Acquisition Department,Manager,4,3,3,3,4,4,4,4,4,0,0,0,0
Back Office,Internal Operations & Governance,People & Workplace Division,Talent Acquisition Department,Deputy Manager,4,3,3,3,4,3,4,3,4,0,0,0,0
Back Office,Internal Operations & Governance,People & Workplace Division,Talent Acquisition Department,Supervisor,3,2,2,2,3,2,3,2,3,0,0,0,0
Back Office,Internal Operations & Governance,People & Workplace Division,Talent Acquisition Department,Senior,3,2,2,2,3,2,0,0,0,0,0,0,0
Back Office,Internal Operations & Governance,People & Workplace Division,Talent Acquisition Department,Officer,3,1,1,2,2,2,0,0,0,0,0,0,0
Back Office,Internal Operations & Governance,Company Secretariat Division,No Department,Director,5,4,4,4,5,5,5,4,5,0,0,0,0
Back Office,Internal Operations & Governance,Company Secretariat Division,No Department,Deputy Director,5,4,4,4,5,4,5,4,4,0,0,0,0
Back Office,Internal Operations & Governance,Company Secretariat Division,No Department,Manager,4,3,3,3,4,4,4,4,4,0,0,0,0
Back Office,Internal Operations & Governance,Company Secretariat Division,No Department,Deputy Manager,4,3,3,3,4,3,4,3,4,0,0,0,0
Back Office,Internal Operations & Governance,Company Secretariat Division,No Department,Supervisor,3,2,2,2,3,2,3,2,3,0,0,0,0
Back Office,Internal Operations & Governance,Company Secretariat Division,No Department,Senior,3,2,2,2,3,2,0,0,0,0,0,0,0
Back Office,Internal Operations & Governance,Company Secretariat Division,No Department,Officer,3,1,1,2,2,2,0,0,0,0,0,0,0
Back Office,Internal Operations & Governance,Office Assistant Division,No Department,Director,5,4,4,4,5,5,5,4,5,0,0,0,0
Back Office,Internal Operations & Governance,Office Assistant Division,No Department,Deputy Director,5,4,4,4,5,4,5,4,4,0,0,0,0
Back Office,Internal Operations & Governance,Office Assistant Division,No Department,Manager,4,3,3,3,4,4,4,4,4,0,0,0,0
Back Office,Internal Operations & Governance,Office Assistant Division,No Department,Deputy Manager,4,3,3,3,4,3,4,3,4,0,0,0,0
Back Office,Internal Operations & Governance,Office Assistant Division,No Department,Supervisor,3,2,2,2,3,2,3,2,3,0,0,0,0
Back Office,Internal Operations & Governance,Office Assistant Division,No Department,Senior,3,2,2,2,3,2,0,0,0,0,0,0,0
Back Office,Internal Operations & Governance,Office Assistant Division,No Department,Officer,3,1,1,2,2,2,0,0,0,0,0,0,0
Back Office,Internal Operations & Governance,People & Workplace Division,Workplace (Purchasing),Director,5,4,4,4,5,5,5,4,5,0,0,0,0
Back Office,Internal Operations & Governance,People & Workplace Division,Workplace (Purchasing),Deputy Director,5,4,4,4,5,4,5,4,4,0,0,0,0
Back Office,Internal Operations & Governance,People & Workplace Division,Workplace (Purchasing),Manager,4,3,3,3,4,4,4,4,4,0,0,0,0
Back Office,Internal Operations & Governance,People & Workplace Division,Workplace (Purchasing),Deputy Manager,4,3,3,3,4,3,4,3,4,0,0,0,0
Back Office,Internal Operations & Governance,People & Workplace Division,Workplace (Purchasing),Supervisor,3,2,2,2,3,2,3,2,3,0,0,0,0
Back Office,Internal Operations & Governance,People & Workplace Division,Workplace (Purchasing),Senior,3,2,2,2,3,2,0,0,0,0,0,0,0
Back Office,Internal Operations & Governance,People & Workplace Division,Workplace (Purchasing),Officer,3,1,1,2,2,2,0,0,0,0,0,0,0
Back Office,Internal Operations & Governance,People & Workplace Division,Workplace (General),Director,5,4,4,4,5,5,5,4,5,0,0,0,0
Back Office,Internal Operations & Governance,People & Workplace Division,Workplace (General),Deputy Director,5,4,4,4,5,4,5,4,4,0,0,0,0
Back Office,Internal Operations & Governance,People & Workplace Division,Workplace (General),Manager,4,3,3,3,4,4,4,4,4,0,0,0,0
Back Office,Internal Operations & Governance,People & Workplace Division,Workplace (General),Deputy Manager,4,3,3,3,4,3,4,3,4,0,0,0,0
Back Office,Internal Operations & Governance,People & Workplace Division,Workplace (General),Supervisor,3,2,2,2,3,2,3,2,3,0,0,0,0
Back Office,Internal Operations & Governance,People & Workplace Division,Workplace (General),Senior,3,2,2,2,3,2,0,0,0,0,0,0,0
Back Office,Internal Operations & Governance,People & Workplace Division,Workplace (General),Officer,3,1,1,2,2,2,0,0,0,0,0,0,0
Back Office,Internal Operations & Governance,Internal Audit Division,No Department,Director,5,4,4,4,5,5,5,4,5,0,0,0,0
Back Office,Internal Operations & Governance,Internal Audit Division,No Department,Deputy Director,5,4,4,4,5,4,5,4,4,0,0,0,0
Back Office,Internal Operations & Governance,Internal Audit Division,No Department,Manager,4,3,3,3,4,4,4,4,4,0,0,0,0
Back Office,Internal Operations & Governance,Internal Audit Division,No Department,Deputy Manager,4,3,3,3,4,3,4,3,4,0,0,0,0
Back Office,Internal Operations & Governance,Internal Audit Division,No Department,Supervisor,3,2,2,2,3,2,3,2,3,0,0,0,0
Back Office,Internal Operations & Governance,Internal Audit Division,No Department,Senior,3,2,2,2,3,2,0,0,0,0,0,0,0
Back Office,Internal Operations & Governance,Internal Audit Division,No Department,Officer,3,1,1,2,2,2,0,0,0,0,0,0,0
Back Office,Internal Operations & Governance,Legal Affairs Division,No Department,Director,5,4,4,4,5,5,5,4,5,0,0,0,0
Back Office,Internal Operations & Governance,Legal Affairs Division,No Department,Deputy Director,5,4,4,4,5,4,5,4,4,0,0,0,0
Back Office,Internal Operations & Governance,Legal Affairs Division,No Department,Manager,4,3,3,3,4,4,4,4,4,0,0,0,0
Back Office,Internal Operations & Governance,Legal Affairs Division,No Department,Deputy Manager,4,3,3,3,4,3,4,3,4,0,0,0,0
Back Office,Internal Operations & Governance,Legal Affairs Division,No Department,Supervisor,3,2,2,2,3,2,3,2,3,0,0,0,0
Back Office,Internal Operations & Governance,Legal Affairs Division,No Department,Senior,3,2,2,2,3,2,0,0,0,0,0,0,0
Back Office,Internal Operations & Governance,Legal Affairs Division,No Department,Officer,3,1,1,2,2,2,0,0,0,0,0,0,0
Back Office,Financial Management,Accounting Division,No Department,Director,4,4,5,4,5,5,5,4,5,0,0,0,0
Back Office,Financial Management,Accounting Division,No Department,Deputy Director,4,4,5,4,5,4,5,4,4,0,0,0,0
Back Office,Financial Management,Accounting Division,No Department,Manager,3,3,4,3,4,4,4,4,4,0,0,0,0
Back Office,Financial Management,Accounting Division,No Department,Deputy Manager,3,3,4,3,4,3,4,3,4,0,0,0,0
Back Office,Financial Management,Accounting Division,No Department,Supervisor,2,2,3,2,3,2,3,2,3,0,0,0,0
Back Office,Financial Management,Accounting Division,No Department,Senior,2,2,3,2,3,2,0,0,0,0,0,0,0
Back Office,Financial Management,Accounting Division,No Department,Officer,2,1,2,2,2,2,0,0,0,0,0,0,0
Back Office,Financial Management,People & Workplace Division,Total Rewards Department,Director,4,4,5,4,5,5,5,4,5,0,0,0,0
Back Office,Financial Management,People & Workplace Division,Total Rewards Department,Deputy Director,4,4,5,4,5,4,5,4,4,0,0,0,0
Back Office,Financial Management,People & Workplace Division,Total Rewards Department,Manager,3,3,4,3,4,4,4,4,4,0,0,0,0
Back Office,Financial Management,People & Workplace Division,Total Rewards Department,Deputy Manager,3,3,4,3,4,3,4,3,4,0,0,0,0
Back Office,Financial Management,People & Workplace Division,Total Rewards Department,Supervisor,2,2,3,2,3,2,3,2,3,0,0,0,0
Back Office,Financial Management,People & Workplace Division,Total Rewards Department,Senior,2,2,3,2,3,2,0,0,0,0,0,0,0
Back Office,Financial Management,People & Workplace Division,Total Rewards Department,Officer,2,1,2,2,2,2,0,0,0,0,0,0,0
Back Office,Financial Management,Finance Division,No Department,Director,4,4,5,4,5,5,5,4,5,0,0,0,0
Back Office,Financial Management,Finance Division,No Department,Deputy Director,4,4,5,4,5,4,5,4,4,0,0,0,0
Back Office,Financial Management,Finance Division,No Department,Manager,3,3,4,3,4,4,4,4,4,0,0,0,0
Back Office,Financial Management,Finance Division,No Department,Deputy Manager,3,3,4,3,4,3,4,3,4,0,0,0,0
Back Office,Financial Management,Finance Division,No Department,Supervisor,2,2,3,2,3,2,3,2,3,0,0,0,0
Back Office,Financial Management,Finance Division,No Department,Senior,2,2,3,2,3,2,0,0,0,0,0,0,0
Back Office,Financial Management,Finance Division,No Department,Officer,2,1,2,2,2,2,0,0,0,0,0,0,0
Back Office,Financial Management,Internal Control Division,No Department,Director,4,4,5,4,5,5,5,4,5,0,0,0,0
Back Office,Financial Management,Internal Control Division,No Department,Deputy Director,4,4,5,4,5,4,5,4,4,0,0,0,0
Back Office,Financial Management,Internal Control Division,No Department,Manager,3,3,4,3,4,4,4,4,4,0,0,0,0
Back Office,Financial Management,Internal Control Division,No Department,Deputy Manager,3,3,4,3,4,3,4,3,4,0,0,0,0
Back Office,Financial Management,Internal Control Division,No Department,Supervisor,2,2,3,2,3,2,3,2,3,0,0,0,0
Back Office,Financial Management,Internal Control Division,No Department,Senior,2,2,3,2,3,2,0,0,0,0,0,0,0
Back Office,Financial Management,Internal Control Division,No Department,Officer,2,1,2,2,2,2,0,0,0,0,0,0,0
